,name,album,artist,release_date,length,popularity,danceability,acousticness,danceability,energy,instrumentalness,liveness,loudness,speechiness,tempo,time_signature
0,Bad To You (with Normani & Nicki Minaj),Charlie's Angels (Original Motion Picture Soundtrack),Various Artists,2019-11-01,171840,84,0.727,0.065,0.727,0.583,0.0,0.106,-7.385,0.0718,147.983,4
1,7 rings,"thank u, next",Ariana Grande,2019-02-08,178626,90,0.778,0.592,0.778,0.317,0.0,0.0881,-10.732,0.334,140.048,4
2,boyfriend (with Social House),boyfriend,Ariana Grande,2019-08-02,186106,88,0.4,0.119,0.4,0.795,0.0,0.159,-3.731,0.461,190.097,4
3,"thank u, next","thank u, next",Ariana Grande,2019-02-08,207320,88,0.717,0.229,0.717,0.653,0.0,0.101,-5.634,0.0658,106.966,4
4,"break up with your girlfriend, i'm bored","thank u, next",Ariana Grande,2019-02-08,190440,85,0.726,0.0421,0.726,0.554,0.0,0.106,-5.29,0.0917,169.999,4
5,God is a woman,Sweetener,Ariana Grande,2018-08-17,197546,82,0.602,0.0233,0.602,0.658,6e-05,0.237,-5.934,0.0558,145.031,4
6,Don’t Call Me Angel (Charlie’s Angels) (with Miley Cyrus & Lana Del Rey),Don’t Call Me Angel (Charlie’s Angels),Ariana Grande,2019-09-13,190106,83,0.643,0.00268,0.643,0.721,6.51e-06,0.0898,-5.248,0.0449,102.914,4
7,no tears left to cry,Sweetener,Ariana Grande,2018-08-17,205920,84,0.699,0.04,0.699,0.713,3.11e-06,0.294,-5.507,0.0594,121.993,4
8,breathin,Sweetener,Ariana Grande,2018-08-17,198160,80,0.568,0.0211,0.568,0.656,1.37e-05,0.213,-5.413,0.0433,100.049,4
9,Into You,Dangerous Woman,Ariana Grande,2016-05-20,244453,19,0.636,0.0161,0.636,0.727,1.12e-06,0.151,-5.852,0.106,107.988,4
10,One Last Time,My Everything,Ariana Grande,2014-08-21,197253,13,0.624,0.115,0.624,0.618,3.3e-06,0.104,-4.868,0.0322,125.036,4
11,Dangerous Woman,Dangerous Woman,Ariana Grande,2016-05-20,235946,15,0.677,0.0612,0.677,0.604,0.0,0.353,-5.32,0.0385,134.052,3
12,Side To Side,Dangerous Woman,Ariana Grande,2016-05-20,226160,20,0.648,0.0408,0.648,0.738,0.0,0.292,-5.883,0.247,159.145,4
13,needy,"thank u, next",Ariana Grande,2019-02-08,171573,78,0.647,0.78,0.647,0.309,7.41e-06,0.202,-7.948,0.0366,87.045,4
14,Love Me Harder,My Everything,Ariana Grande,2014-08-21,236133,12,0.476,0.0102,0.476,0.72,0.0,0.0639,-4.357,0.0346,99.054,4
15,NASA,"thank u, next",Ariana Grande,2019-02-08,182000,77,0.747,0.451,0.747,0.458,0.0,0.252,-6.891,0.303,75.029,4
16,MONOPOLY (with Victoria Monét),MONOPOLY,Ariana Grande,2019-04-01,158586,74,0.892,0.704,0.892,0.507,3.14e-05,0.109,-8.282,0.378,143.96,4
17,imagine,"thank u, next",Ariana Grande,2019-02-08,212266,78,0.729,0.378,0.729,0.475,0.0,0.12,-4.985,0.0364,62.52,3
18,bloodline,"thank u, next",Ariana Grande,2019-02-08,216893,76,0.758,0.0815,0.758,0.665,0.000157,0.216,-5.188,0.0774,151.976,4
19,bad idea,"thank u, next",Ariana Grande,2019-02-08,267106,75,0.847,0.0268,0.847,0.579,0.0545,0.102,-5.314,0.0719,137.998,4
20,Break Free,My Everything,Ariana Grande,2014-08-21,214840,9,0.68,0.00756,0.68,0.692,4.52e-05,0.202,-5.304,0.0463,129.943,4
21,The Way,Yours Truly,Ariana Grande,2013-01-01,227026,69,0.645,0.294,0.645,0.877,0.0,0.0759,-3.208,0.113,82.324,4
22,Be Alright,Dangerous Woman,Ariana Grande,2016-05-20,179293,72,0.813,0.169,0.813,0.456,2.85e-06,0.105,-7.667,0.0685,108.801,4
23,Everyday,Dangerous Woman,Ariana Grande,2016-05-20,194840,72,0.637,0.0152,0.637,0.733,0.0,0.162,-4.387,0.0553,131.005,4
24,Problem,My Everything,Ariana Grande,2014-08-21,193893,9,0.654,0.0216,0.654,0.797,1.04e-05,0.131,-5.278,0.182,102.998,4
25,in my head,"thank u, next",Ariana Grande,2019-02-08,222946,75,0.662,0.173,0.662,0.6,0.000137,0.109,-6.402,0.0703,134.979,4
26,fake smile,"thank u, next",Ariana Grande,2019-02-08,208880,75,0.45,0.329,0.45,0.619,0.0,0.319,-7.412,0.372,83.3,4
27,sweetener,Sweetener,Ariana Grande,2018-08-17,208493,72,0.721,0.248,0.721,0.459,0.0,0.212,-6.408,0.032,119.914,4
28,everytime,Sweetener,Ariana Grande,2018-08-17,172106,72,0.71,0.186,0.71,0.614,0.0,0.0974,-6.757,0.0431,148.152,4
29,Let Me Love You,Dangerous Woman,Ariana Grande,2016-05-20,223853,71,0.528,0.0295,0.528,0.435,0.0,0.243,-8.363,0.129,102.704,3
30,ghostin,"thank u, next",Ariana Grande,2019-02-08,271466,74,0.287,0.418,0.287,0.364,1.8e-05,0.185,-8.295,0.0306,103.777,4
31,R.E.M,Sweetener,Ariana Grande,2018-08-17,245666,71,0.831,0.375,0.831,0.485,1.47e-05,0.118,-6.677,0.15,80.022,4
32,Quit (feat. Ariana Grande),9,Cashmere Cat,2017-04-28,258188,10,0.365,0.103,0.365,0.413,3.13e-05,0.103,-7.369,0.0507,84.746,3
33,Bang Bang,My Everything (Deluxe),Ariana Grande,2014-08-22,199320,10,0.703,0.283,0.703,0.747,0.0,0.396,-4.446,0.0895,149.974,4
34,goodnight n go,Sweetener,Ariana Grande,2018-08-17,189506,72,0.708,0.0217,0.708,0.454,0.0,0.073,-7.07,0.0395,110.963,4
35,Best Mistake,My Everything,Ariana Grande,2014-08-21,233733,7,0.634,0.53,0.634,0.579,0.0,0.112,-6.999,0.484,143.941,4
36,Almost Is Never Enough,Yours Truly,Ariana Grande,2013-01-01,327773,63,0.323,0.824,0.323,0.327,0.0,0.101,-7.494,0.0411,81.329,4
37,make up,"thank u, next",Ariana Grande,2019-02-08,140693,72,0.671,0.0844,0.671,0.714,1.48e-06,0.0568,-5.373,0.21,105.137,3
38,Bed (feat. Ariana Grande),Bed (feat. Ariana Grande),Nicki Minaj,2018-06-14,189360,14,0.589,0.0551,0.589,0.714,0.00013,0.131,-6.308,0.258,118.611,5
39,get well soon,Sweetener,Ariana Grande,2018-08-17,322026,69,0.604,0.657,0.604,0.449,0.0,0.0932,-6.564,0.0353,100.355,4
40,Honeymoon Avenue,Yours Truly,Ariana Grande,2013-01-01,339733,61,0.692,0.218,0.692,0.608,0.0,0.348,-5.233,0.041,125.012,4
41,successful,Sweetener,Ariana Grande,2018-08-17,227386,70,0.847,0.107,0.847,0.603,7.4e-06,0.106,-4.607,0.0397,114.045,4
42,Tattooed Heart,Yours Truly,Ariana Grande,2013-01-01,194706,61,0.536,0.41,0.536,0.521,0.0,0.142,-4.128,0.0274,72.06,4
43,Baby I,Yours Truly,Ariana Grande,2013-01-01,197600,59,0.725,0.0154,0.725,0.796,0.0,0.354,-3.684,0.0326,101.976,4
44,pete davidson,Sweetener,Ariana Grande,2018-08-17,73813,69,0.652,0.43,0.652,0.31,1.16e-05,0.182,-10.212,0.0509,119.913,4
45,better off,Sweetener,Ariana Grande,2018-08-17,171333,70,0.597,0.216,0.597,0.524,0.0,0.112,-7.247,0.0537,92.568,4
46,My Favorite Part,The Divine Feminine,Mac Miller,2016-09-16,216000,75,0.861,0.627,0.861,0.33,1.93e-06,0.14,-7.194,0.0526,95.016,4
47,Dance To This (feat. Ariana Grande),Dance To This (feat. Ariana Grande),Troye Sivan,2018-06-13,231846,14,0.736,0.00632,0.736,0.756,0.00577,0.106,-7.099,0.047,117.016,4
48,Just A Little Bit Of Your Heart,My Everything,Ariana Grande,2014-08-21,232586,6,0.432,0.706,0.432,0.328,0.0,0.0958,-5.908,0.0275,77.919,4
49,raindrops (an angel cried),Sweetener,Ariana Grande,2018-08-17,37640,69,0.336,0.942,0.336,0.231,0.0,0.188,-6.217,0.0497,168.685,5
